id,name,age,nation,height,league,team,position,alternative_positions,ovr
0,Kylian Mbappé,25,France,"182cm / 6'0""",LALIGA EA SPORTS,Real Madrid,ST,LW,91
1,Rodri,28,Spain,"191cm / 6'3""",Premier League,Manchester City,CDM,CM,91
2,Erling Haaland,24,Norway,"195cm / 6'5""",Premier League,Manchester City,ST,,91
3,Jude Bellingham,21,England,"186cm / 6'1""",LALIGA EA SPORTS,Real Madrid,CAM,CM,90
4,Vini Jr.,24,Brazil,"176cm / 5'9""",LALIGA EA SPORTS,Real Madrid,LW,"ST, LM",90
5,Kevin De Bruyne,33,Belgium,"181cm / 5'11""",Premier League,Manchester City,CM,CAM,90
6,Harry Kane,31,England,"188cm / 6'2""",Bundesliga,FC Bayern München,ST,,90
7,Martin Ødegaard,25,Norway,"178cm / 5'10""",Premier League,Arsenal,CM,CAM,89
8,Gianluigi Donnarumma,25,Italy,"196cm / 6'5""",Ligue 1 McDonald's,Paris SG,GK,,89
9,Alisson,31,Brazil,"193cm / 6'4""",Premier League,Liverpool,GK,,89
10,Thibaut Courtois,32,Belgium,"200cm / 6'7""",LALIGA EA SPORTS,Real Madrid,GK,,89
11,Lautaro Martínez,27,Argentina,"174cm / 5'9""",Serie A Enilive,Lombardia FC,ST,,89
12,Virgil van Dijk,33,Holland,"193cm / 6'4""",Premier League,Liverpool,CB,,89
13,Marc-André ter Stegen,32,Germany,"187cm / 6'2""",LALIGA EA SPORTS,FC Barcelona,GK,,89
14,Mohamed Salah,32,Egypt,"175cm / 5'9""",Premier League,Liverpool,RW,RM,89
15,Phil Foden,24,England,"171cm / 5'7""",Premier League,Manchester City,RW,"LW, CAM, RM",88
16,Lionel Messi,37,Argentina,"169cm / 5'7""",MLS,Inter Miami CF,RW,"ST, CAM, RM",88
17,Antoine Griezmann,33,France,"176cm / 5'9""",LALIGA EA SPORTS,Atlético de Madrid,ST,,88
18,Rúben Dias,27,Portugal,"187cm / 6'2""",Premier League,Manchester City,CB,,88
19,Robert Lewandowski,36,Poland,"185cm / 6'1""",LALIGA EA SPORTS,FC Barcelona,ST,,88
20,Federico Valverde,26,Uruguay,"182cm / 6'0""",LALIGA EA SPORTS,Real Madrid,CM,RM,88
21,Ederson,31,Brazil,"188cm / 6'2""",Premier League,Manchester City,GK,,88
22,Bernardo Silva,30,Portugal,"173cm / 5'8""",Premier League,Manchester City,CM,RW,88
23,Jan Oblak,31,Slovenia,"188cm / 6'2""",LALIGA EA SPORTS,Atlético de Madrid,GK,,88
24,Antonio Rüdiger,31,Germany,"190cm / 6'3""",LALIGA EA SPORTS,Real Madrid,CB,,88
25,Florian Wirtz,21,Germany,"177cm / 5'10""",Bundesliga,Leverkusen,CAM,LM,88
26,Gregor Kobel,26,Switzerland,"195cm / 6'5""",Bundesliga,Borussia Dortmund,GK,,88
27,William Saliba,23,France,"193cm / 6'4""",Premier League,Arsenal,CB,,87
28,Victor Osimhen,25,Nigeria,"186cm / 6'1""",Serie A Enilive,SSC Napoli,ST,,87
29,Jamal Musiala,21,Germany,"184cm / 6'0""",Bundesliga,FC Bayern München,CAM,"LM, CM",87
30,Bukayo Saka,23,England,"178cm / 5'10""",Premier League,Arsenal,RW,RM,87
31,Paulo Dybala,30,Argentina,"177cm / 5'10""",Serie A Enilive,AS Roma,CAM,ST,87
32,Theo Hernández,26,France,"184cm / 6'0""",Serie A Enilive,Milano FC,LB,LM,87
33,Neymar Jr,32,Brazil,"175cm / 5'9""",ROSHN Saudi League,Al Hilal,LW,"CAM, LM",87
34,Declan Rice,25,England,"185cm / 6'1""",Premier League,Arsenal,CDM,CM,87
35,Frenkie de Jong,27,Holland,"181cm / 5'11""",LALIGA EA SPORTS,FC Barcelona,CM,CDM,87
36,Mike Maignan,29,France,"191cm / 6'3""",Serie A Enilive,Milano FC,GK,,87
37,Bruno Fernandes,30,Portugal,"179cm / 5'10""",Premier League,Man Utd,CAM,CM,87
38,Heung Min Son,32,Korea Republic,"183cm / 6'0""",Premier League,Spurs,ST,LM,87
39,Marquinhos,30,Brazil,"183cm / 6'0""",Ligue 1 McDonald's,Paris SG,CB,,87
40,Alessandro Bastoni,25,Italy,"190cm / 6'3""",Serie A Enilive,Lombardia FC,CB,,87
41,İlkay Gündoğan,33,Germany,"180cm / 5'11""",Premier League,Manchester City,CM,CDM,87
42,Emiliano Martínez,32,Argentina,"195cm / 6'5""",Premier League,Aston Villa,GK,,87
43,Nicolò Barella,27,Italy,"172cm / 5'8""",Serie A Enilive,Lombardia FC,CM,CDM,87
44,Yann Sommer,35,Switzerland,"183cm / 6'0""",Serie A Enilive,Lombardia FC,GK,,87
45,Cristiano Ronaldo,39,Portugal,"187cm / 6'2""",ROSHN Saudi League,Al Nassr,ST,,86
46,Gabriel,26,Brazil,"190cm / 6'3""",Premier League,Arsenal,CB,,86
47,Granit Xhaka,31,Switzerland,"186cm / 6'1""",Bundesliga,Leverkusen,CDM,CM,86
48,Rodrygo,23,Brazil,"174cm / 5'9""",LALIGA EA SPORTS,Real Madrid,RW,"ST, RM",86
49,João Cancelo,30,Portugal,"182cm / 6'0""",ROSHN Saudi League,Al Hilal,LB,"RB, RM",86
50,Rafael Leão,25,Portugal,"188cm / 6'2""",Serie A Enilive,Milano FC,LW,"LM, ST",86
51,Grimaldo,28,Spain,"171cm / 5'7""",Bundesliga,Leverkusen,LM,"LB, LW",86
52,Luka Modrić,39,Croatia,"172cm / 5'8""",LALIGA EA SPORTS,Real Madrid,CM,"CAM, CDM",86
53,Alexis Mac Allister,25,Argentina,"176cm / 5'9""",Premier League,Liverpool,CM,CDM,86
54,Carvajal,32,Spain,"173cm / 5'8""",LALIGA EA SPORTS,Real Madrid,RB,,86
55,Ousmane Dembélé,27,France,"178cm / 5'10""",Ligue 1 McDonald's,Paris SG,RW,"CAM, RM",86
56,Trent Alexander-Arnold,25,England,"180cm / 5'11""",Premier League,Liverpool,RB,,86
57,Pedri,21,Spain,"174cm / 5'9""",LALIGA EA SPORTS,FC Barcelona,CM,LW,86
58,Jonathan Tah,28,Germany,"195cm / 6'5""",Bundesliga,Leverkusen,CB,,86
59,Karim Benzema,36,France,"185cm / 6'1""",ROSHN Saudi League,Al Ittihad,ST,,86
60,Bremer,27,Brazil,"187cm / 6'2""",Serie A Enilive,Juventus,CB,,86
61,Joshua Kimmich,29,Germany,"177cm / 5'10""",Bundesliga,FC Bayern München,RB,"CDM, CM",86
62,Unai Simón,27,Spain,"190cm / 6'3""",LALIGA EA SPORTS,Athletic Club,GK,,86
63,Manuel Neuer,38,Germany,"193cm / 6'4""",Bundesliga,FC Bayern München,GK,,86
64,Hakan Çalhanoğlu,30,Turkey,"178cm / 5'10""",Serie A Enilive,Lombardia FC,CDM,CM,86
65,David Alaba,32,Austria,"180cm / 5'11""",LALIGA EA SPORTS,Real Madrid,CB,LB,85
66,Ronald Araujo,25,Uruguay,"188cm / 6'2""",LALIGA EA SPORTS,FC Barcelona,CB,RB,85
67,Julian Brandt,28,Germany,"185cm / 6'1""",Bundesliga,Borussia Dortmund,CAM,"RM, CM",85
68,Éder Militão,26,Brazil,"186cm / 6'1""",LALIGA EA SPORTS,Real Madrid,CB,,85
69,Bruno Guimarães,26,Brazil,"182cm / 6'0""",Premier League,Newcastle Utd,CDM,CM,85
70,Alexander Isak,24,Sweden,"192cm / 6'4""",Premier League,Newcastle Utd,ST,,85
71,N'Golo Kanté,33,France,"168cm / 5'6""",ROSHN Saudi League,Al Ittihad,CDM,CM,85
72,Jules Koundé,25,France,"180cm / 5'11""",LALIGA EA SPORTS,FC Barcelona,RB,CB,85
73,Khvicha Kvaratskhelia,23,Georgia,"183cm / 6'0""",Serie A Enilive,SSC Napoli,LW,"RW, LM",85
74,Vitinha,24,Portugal,"172cm / 5'8""",Ligue 1 McDonald's,Paris SG,CM,CDM,85
75,James Maddison,27,England,"175cm / 5'9""",Premier League,Spurs,CAM,RM,85
76,Riyad Mahrez,33,Algeria,"179cm / 5'10""",ROSHN Saudi League,Al Ahli,RM,RW,85
77,Giorgi Mamardashvili,23,Georgia,"199cm / 6'6""",LALIGA EA SPORTS,Valencia CF,GK,,85
78,Mikel Merino,28,Spain,"189cm / 6'2""",Premier League,Arsenal,CM,CAM,85
79,Sergej Milinković-Savić,29,Serbia,"192cm / 6'4""",ROSHN Saudi League,Al Hilal,CM,CDM,85
80,Loïs Openda,24,Belgium,"177cm / 5'10""",Bundesliga,RB Leipzig,ST,,85
81,Palhinha,29,Portugal,"190cm / 6'3""",Bundesliga,FC Bayern München,CDM,CM,85
82,Cole Palmer,22,England,"189cm / 6'2""",Premier League,Chelsea,RM,"CAM, RW",85
83,Andrew Robertson,30,Scotland,"178cm / 5'10""",Premier League,Liverpool,LB,,85
84,Leroy Sané,28,Germany,"183cm / 6'0""",Bundesliga,FC Bayern München,RM,"LM, RW",85
85,Nico Schlotterbeck,24,Germany,"191cm / 6'3""",Bundesliga,Borussia Dortmund,CB,,85
86,John Stones,30,England,"188cm / 6'2""",Premier League,Manchester City,CB,"CDM, RB",85
87,Aurélien Tchouaméni,24,France,"188cm / 6'2""",LALIGA EA SPORTS,Real Madrid,CDM,"CM, CB",85
88,Diogo Jota,27,Portugal,"178cm / 5'10""",Premier League,Liverpool,ST,LW,85
89,Sandro Tonali,24,Italy,"181cm / 5'11""",Premier League,Newcastle Utd,CDM,CM,85
90,Ollie Watkins,28,England,"180cm / 5'11""",Premier League,Aston Villa,ST,,85
91,Nico Williams,22,Spain,"181cm / 5'11""",LALIGA EA SPORTS,Athletic Club,LM,"RM, LW",85
92,Francesco Acerbi,36,Italy,"192cm / 6'4""",Serie A Enilive,Lombardia FC,CB,,84
93,Manuel Akanji,29,Switzerland,"187cm / 6'2""",Premier League,Manchester City,CB,,84
94,Nathan Aké,29,Holland,"180cm / 5'11""",Premier League,Manchester City,CB,LB,84
95,Julián Álvarez,24,Argentina,"170cm / 5'7""",LALIGA EA SPORTS,Atlético de Madrid,ST,CAM,84
96,Iago Aspas,37,Spain,"176cm / 5'9""",LALIGA EA SPORTS,RC Celta,ST,,84
97,Yassine Bounou,33,Morocco,"195cm / 6'5""",ROSHN Saudi League,Al Hilal,GK,,84
98,Federico Chiesa,26,Italy,"175cm / 5'9""",Premier League,Liverpool,RW,"LW, ST, RM",84
99,Kingsley Coman,28,France,"181cm / 5'11""",Bundesliga,FC Bayern München,LM,"RM, LW",84
100,Rúben Neves,27,Portugal,"180cm / 5'11""",ROSHN Saudi League,Al Hilal,CDM,CM,84
101,Matthijs de Ligt,25,Holland,"189cm / 6'2""",Premier League,Man Utd,CB,,84
102,Rodrigo De Paul,30,Argentina,"180cm / 5'11""",LALIGA EA SPORTS,Atlético de Madrid,CM,CDM,84
103,Raphinha,27,Brazil,"176cm / 5'9""",LALIGA EA SPORTS,FC Barcelona,RW,"LW, RM",84
104,Luis Díaz,27,Colombia,"180cm / 5'11""",Premier League,Liverpool,LW,"RW, LM",84
105,Federico Dimarco,26,Italy,"174cm / 5'9""",Serie A Enilive,Lombardia FC,LB,LM,84
106,Artem Dovbyk,27,Ukraine,"189cm / 6'2""",Serie A Enilive,AS Roma,ST,,84
107,Jeremie Frimpong,23,Holland,"172cm / 5'8""",Bundesliga,Leverkusen,RM,"RB, RW",84
108,Aleix García,27,Spain,"173cm / 5'8""",Bundesliga,Leverkusen,CM,CDM,84
109,Jack Grealish,29,England,"180cm / 5'11""",Premier League,Manchester City,LW,LM,84
110,Serhou Guirassy,28,Guinea,"187cm / 6'2""",Bundesliga,Borussia Dortmund,ST,,84
111,Viktor Gyökeres,26,Sweden,"187cm / 6'2""",Liga Portugal,Sporting CP,ST,LW,84
112,Achraf Hakimi,25,Morocco,"181cm / 5'11""",Ligue 1 McDonald's,Paris SG,RB,,84
113,Lukáš Hrádecký,34,Finland,"192cm / 6'4""",Bundesliga,Leverkusen,GK,,84
114,Kalidou Koulibaly,33,Senegal,"186cm / 6'1""",ROSHN Saudi League,Al Hilal,CB,,84
115,Sadio Mané,32,Senegal,"174cm / 5'9""",ROSHN Saudi League,Al Nassr,LM,"RM, ST, LW",84
116,Lisandro Martínez,26,Argentina,"178cm / 5'10""",Premier League,Man Utd,CB,,84
117,Diogo Costa,24,Portugal,"192cm / 6'4""",Liga Portugal,FC Porto,GK,,84
118,Ferland Mendy,29,France,"180cm / 5'11""",LALIGA EA SPORTS,Real Madrid,LB,,84
119,Christopher Nkunku,26,France,"177cm / 5'10""",Premier League,Chelsea,CAM,ST,84
120,Dani Olmo,26,Spain,"179cm / 5'10""",LALIGA EA SPORTS,FC Barcelona,CAM,CM,84
121,Exequiel Palacios,25,Argentina,"178cm / 5'10""",Bundesliga,Leverkusen,CM,CDM,84
122,Benjamin Pavard,28,France,"186cm / 6'1""",Serie A Enilive,Lombardia FC,CB,RB,84
123,Álex Remiro,29,Spain,"192cm / 6'4""",LALIGA EA SPORTS,Real Sociedad,GK,,84
124,Cristian Romero,26,Argentina,"185cm / 6'1""",Premier League,Spurs,CB,,84
125,Marcel Sabitzer,30,Austria,"178cm / 5'10""",Bundesliga,Borussia Dortmund,CM,"CAM, CDM",84
126,Casemiro,32,Brazil,"185cm / 6'1""",Premier League,Man Utd,CDM,CM,84
127,Guglielmo Vicario,27,Italy,"194cm / 6'4""",Premier League,Spurs,GK,,84
128,Dušan Vlahović,24,Serbia,"190cm / 6'3""",Serie A Enilive,Juventus,ST,,84
129,Kyle Walker,34,England,"183cm / 6'0""",Premier League,Manchester City,RB,,84
130,Benjamin White,26,England,"185cm / 6'1""",Premier League,Arsenal,RB,CB,84
131,Marcos Acuña,32,Argentina,"172cm / 5'8""",Libertadores,River Plate,LB,LM,83
132,Robert Andrich,29,Germany,"186cm / 6'1""",Bundesliga,Leverkusen,CDM,"CM, CB",83
133,Ismaël Bennacer,26,Algeria,"175cm / 5'9""",Serie A Enilive,Milano FC,CDM,"CM, CAM",83
134,Domenico Berardi,30,Italy,"183cm / 6'0""",Serie BKT,Sassuolo,RW,RM,83
135,Eduardo Camavinga,21,France,"182cm / 6'0""",LALIGA EA SPORTS,Real Madrid,CM,"CDM, LB",83
136,Yannick Carrasco,31,Belgium,"181cm / 5'11""",ROSHN Saudi League,Al Shabab,LW,LM,83
137,Andreas Christensen,28,Denmark,"187cm / 6'2""",LALIGA EA SPORTS,FC Barcelona,CB,CDM,83
138,Stefan de Vrij,32,Holland,"189cm / 6'2""",Serie A Enilive,Lombardia FC,CB,,83
139,Ángel Di María,36,Argentina,"180cm / 5'11""",Liga Portugal,SL Benfica,RM,"CAM, RW",83
140,Moussa Diaby,25,France,"170cm / 5'7""",ROSHN Saudi League,Al Ittihad,RM,"ST, CAM, RW",83
141,Youssef En-Nesyri,27,Morocco,"188cm / 6'2""",Trendyol Süper Lig,Fenerbahçe,ST,,83
142,Rafa,31,Portugal,"172cm / 5'8""",Trendyol Süper Lig,Beşiktaş,CAM,ST,83
143,Cody Gakpo,25,Holland,"189cm / 6'2""",Premier League,Liverpool,ST,LW,83
144,José María Giménez,29,Uruguay,"185cm / 6'1""",LALIGA EA SPORTS,Atlético de Madrid,CB,,83
145,Olivier Giroud,37,France,"193cm / 6'4""",MLS,LAFC,ST,,83
146,Leon Goretzka,29,Germany,"189cm / 6'2""",Bundesliga,FC Bayern München,CM,CDM,83
147,Joško Gvardiol,22,Croatia,"185cm / 6'1""",Premier League,Manchester City,LB,CB,83
148,Kai Havertz,25,Germany,"193cm / 6'4""",Premier League,Arsenal,ST,CM,83
149,Lucas Hernández,28,France,"184cm / 6'0""",Ligue 1 McDonald's,Paris SG,CB,LB,83
150,Mauro Icardi,31,Argentina,"181cm / 5'11""",Trendyol Süper Lig,Galatasaray,ST,,83
151,Kim Min Jae,27,Korea Republic,"190cm / 6'3""",Bundesliga,FC Bayern München,CB,,83
152,Ibrahima Konaté,25,France,"194cm / 6'4""",Premier League,Liverpool,CB,,83
153,Teun Koopmeiners,26,Holland,"183cm / 6'0""",Serie A Enilive,Juventus,CM,CAM,83
154,Mateo Kovačić,30,Croatia,"177cm / 5'10""",Premier League,Manchester City,CM,CDM,83
155,Konrad Laimer,27,Austria,"180cm / 5'11""",Bundesliga,FC Bayern München,CDM,"CM, RB",83
156,Aymeric Laporte,30,Spain,"189cm / 6'2""",ROSHN Saudi League,Al Nassr,CB,,83
157,Robin Le Normand,27,Spain,"187cm / 6'2""",LALIGA EA SPORTS,Atlético de Madrid,CB,,83
158,Marcos Llorente,29,Spain,"184cm / 6'0""",LALIGA EA SPORTS,Atlético de Madrid,RM,"RB, CM, RW",83
159,Manuel Locatelli,26,Italy,"185cm / 6'1""",Serie A Enilive,Juventus,CDM,CM,83
160,Donyell Malen,25,Holland,"176cm / 5'9""",Bundesliga,Borussia Dortmund,RM,"ST, LM, RW",83
161,Gabriel Martinelli,23,Brazil,"178cm / 5'10""",Premier League,Arsenal,LW,"RW, LM",83
162,Henrikh Mkhitaryan,35,Armenia,"177cm / 5'10""",Serie A Enilive,Lombardia FC,CM,CAM,83
163,Morata,31,Spain,"190cm / 6'3""",Serie A Enilive,Milano FC,ST,,83
164,Gerard Moreno,32,Spain,"180cm / 5'11""",LALIGA EA SPORTS,Villarreal CF,ST,"RW, CAM",83
165,André Onana,28,Cameroon,"190cm / 6'3""",Premier League,Man Utd,GK,,83
166,Willi Orban,31,Hungary,"186cm / 6'1""",Bundesliga,RB Leipzig,CB,,83
167,Gavi,20,Spain,"173cm / 5'8""",LALIGA EA SPORTS,FC Barcelona,CM,LW,83
168,Parejo,35,Spain,"182cm / 6'0""",LALIGA EA SPORTS,Villarreal CF,CM,CDM,83
169,Lorenzo Pellegrini,28,Italy,"186cm / 6'1""",Serie A Enilive,AS Roma,CAM,CM,83
170,Pedro Gonçalves,26,Portugal,"173cm / 5'8""",Liga Portugal,Sporting CP,LW,"CAM, CM, LM",83
171,Jordan Pickford,30,England,"185cm / 6'1""",Premier League,Everton,GK,,83
172,Nick Pope,32,England,"199cm / 6'6""",Premier League,Newcastle Utd,GK,,83
173,Pedro Porro,25,Spain,"173cm / 5'8""",Premier League,Spurs,RB,,83
174,Ivan Provedel,30,Italy,"192cm / 6'4""",Serie A Enilive,Latium,GK,,83
175,Christian Pulisic,25,United States,"177cm / 5'10""",Serie A Enilive,Milano FC,RW,"RM, LW",83
176,David Raya,28,Spain,"183cm / 6'0""",Premier League,Arsenal,GK,,83
177,Koke,32,Spain,"176cm / 5'9""",LALIGA EA SPORTS,Atlético de Madrid,CDM,CM,83
178,Guido Rodríguez,29,Argentina,"185cm / 6'1""",Premier League,West Ham,CDM,CM,83
179,Alessio Romagnoli,29,Italy,"185cm / 6'1""",Serie A Enilive,Latium,CB,,83
180,Xavi Simons,21,Holland,"179cm / 5'10""",Bundesliga,RB Leipzig,CAM,LW,83
181,Douglas Luiz,26,Brazil,"175cm / 5'9""",Serie A Enilive,Juventus,CM,CDM,83
182,Dušan Tadić,35,Serbia,"181cm / 5'11""",Trendyol Süper Lig,Fenerbahçe,LM,LW,83
183,Edmond Tapsoba,25,Burkina Faso,"192cm / 6'4""",Bundesliga,Leverkusen,CB,,83
184,Nuno Mendes,22,Portugal,"180cm / 5'11""",Ligue 1 McDonald's,Paris SG,LB,,83
185,Marcus Thuram,27,France,"192cm / 6'4""",Serie A Enilive,Lombardia FC,ST,,83
186,Fikayo Tomori,26,England,"185cm / 6'1""",Serie A Enilive,Milano FC,CB,,83
187,Lucas Torreira,28,Uruguay,"166cm / 5'5""",Trendyol Süper Lig,Galatasaray,CDM,CM,83
188,Kieran Trippier,33,England,"173cm / 5'8""",Premier League,Newcastle Utd,RB,,83
189,Leandro Trossard,29,Belgium,"171cm / 5'7""",Premier League,Arsenal,LW,"ST, LM",83
190,Viktor Tsygankov,26,Ukraine,"178cm / 5'10""",LALIGA EA SPORTS,Girona FC,RM,"CM, CAM, RW",83
191,Mattia Zaccagni,29,Italy,"177cm / 5'10""",Serie A Enilive,Latium,LW,"CAM, LM",83
192,Duván Zapata,33,Colombia,"188cm / 6'2""",Serie A Enilive,Torino,ST,,83
193,Isco,32,Spain,"176cm / 5'9""",LALIGA EA SPORTS,Real Betis,CAM,"LM, CM",82
194,Joelinton,28,Brazil,"186cm / 6'1""",Premier League,Newcastle Utd,CM,LW,82
195,Pepê,27,Brazil,"173cm / 5'8""",Liga Portugal,FC Porto,CAM,"RM, LM",82
196,Pierre-Emerick Aubameyang,35,Gabon,"187cm / 6'2""",ROSHN Saudi League,Al Qadisiyah,ST,,82
197,Leon Bailey,27,Jamaica,"178cm / 5'10""",Premier League,Aston Villa,RM,"ST, RW",82
198,Oliver Baumann,34,Germany,"187cm / 6'2""",Bundesliga,TSG Hoffenheim,GK,,82
199,Victor Boniface,23,Nigeria,"190cm / 6'3""",Bundesliga,Leverkusen,ST,,82
200,Sven Botman,24,Holland,"193cm / 6'4""",Premier League,Newcastle Utd,CB,,82
201,Jarrod Bowen,27,England,"175cm / 5'9""",Premier League,West Ham,RM,"ST, RW",82
202,Marcelo Brozović,31,Croatia,"181cm / 5'11""",ROSHN Saudi League,Al Nassr,CDM,CM,82
203,Moisés Caicedo,22,Ecuador,"178cm / 5'10""",Premier League,Chelsea,CDM,CM,82
204,Emre Can,30,Germany,"186cm / 6'1""",Bundesliga,Borussia Dortmund,CDM,CB,82
205,Marco Carnesecchi,24,Italy,"191cm / 6'3""",Serie A Enilive,Bergamo Calcio,GK,,82
206,Koen Casteels,32,Belgium,"197cm / 6'6""",ROSHN Saudi League,Al Qadisiyah,GK,,82
207,Lucas Paquetá,27,Brazil,"180cm / 5'11""",Premier League,West Ham,LM,"CAM, LW",82
208,Ángel Correa,29,Argentina,"171cm / 5'7""",LALIGA EA SPORTS,Atlético de Madrid,ST,RM,82
209,Marc Cucurella,26,Spain,"173cm / 5'8""",Premier League,Chelsea,LB,,82
210,Danilo,33,Brazil,"184cm / 6'0""",Serie A Enilive,Juventus,CB,RB,82
211,Otávio,29,Portugal,"171cm / 5'7""",ROSHN Saudi League,Al Nassr,CAM,"RM, CM",82
212,Diogo Dalot,25,Portugal,"183cm / 6'0""",Premier League,Man Utd,RB,LB,82
213,Sergi Darder,30,Spain,"180cm / 5'11""",LALIGA EA SPORTS,RCD Mallorca,CM,"CAM, CDM",82
214,Alphonso Davies,23,Canada,"185cm / 6'1""",Bundesliga,FC Bayern München,LB,LM,82
215,Giovanni Di Lorenzo,31,Italy,"183cm / 6'0""",Serie A Enilive,SSC Napoli,RB,RM,82
216,Brahim,25,Morocco,"170cm / 5'7""",LALIGA EA SPORTS,Real Madrid,CAM,"RW, LW",82
217,Denzel Dumfries,28,Holland,"188cm / 6'2""",Serie A Enilive,Lombardia FC,RB,RM,82
218,Edin Džeko,38,Bosnia and Herzegovina,"193cm / 6'4""",Trendyol Süper Lig,Fenerbahçe,ST,,82
219,Enzo Fernández,23,Argentina,"178cm / 5'10""",Premier League,Chelsea,CM,CDM,82
220,Nacho Fernández,34,Spain,"180cm / 5'11""",ROSHN Saudi League,Al Qadisiyah,CB,"LB, RB",82
221,Gabriel Jesus,27,Brazil,"175cm / 5'9""",Premier League,Arsenal,ST,,82
222,Jorginho,32,Italy,"178cm / 5'10""",Premier League,Arsenal,CDM,CM,82
223,Pau Torres,27,Spain,"191cm / 6'3""",Premier League,Aston Villa,CB,,82
224,Niclas Füllkrug,31,Germany,"188cm / 6'2""",Premier League,West Ham,ST,,82
225,Gayà,29,Spain,"172cm / 5'8""",LALIGA EA SPORTS,Valencia CF,LB,,82
226,Paulo Gazzaniga,32,Argentina,"196cm / 6'5""",LALIGA EA SPORTS,Girona FC,GK,,82
227,Matthias Ginter,30,Germany,"189cm / 6'2""",Bundesliga,SC Freiburg,CB,,82
228,Serge Gnabry,29,Germany,"176cm / 5'9""",Bundesliga,FC Bayern München,RM,"ST, LM, RW",82
229,Anthony Gordon,23,England,"183cm / 6'0""",Premier League,Newcastle Utd,LW,LM,82
230,Raphaël Guerreiro,30,Portugal,"170cm / 5'7""",Bundesliga,FC Bayern München,LB,CM,82
231,Péter Gulácsi,34,Hungary,"191cm / 6'3""",Bundesliga,RB Leipzig,GK,,82
232,Fabinho,30,Brazil,"188cm / 6'2""",ROSHN Saudi League,Al Ittihad,CDM,CM,82
233,Yangel Herrera,26,Venezuela,"184cm / 6'0""",LALIGA EA SPORTS,Girona FC,CDM,CM,82
234,Jonas Hofmann,32,Germany,"176cm / 5'9""",Bundesliga,Leverkusen,CAM,ST,82
235,Ciro Immobile,34,Italy,"185cm / 6'1""",Trendyol Süper Lig,Beşiktaş,ST,,82
236,Reece James,24,England,"179cm / 5'10""",Premier League,Chelsea,RB,,82
237,Boubacar Kamara,24,France,"184cm / 6'0""",Premier League,Aston Villa,CDM,CM,82
238,Franck Yannick Kessié,27,Côte d'Ivoire,"183cm / 6'0""",ROSHN Saudi League,Al Ahli,CDM,CM,82
239,Randal Kolo Muani,25,France,"187cm / 6'2""",Ligue 1 McDonald's,Paris SG,ST,,82
240,Filip Kostić,31,Serbia,"184cm / 6'0""",Serie A Enilive,Juventus,LM,"LB, LW",82
241,Mohammed Kudus,24,Ghana,"177cm / 5'10""",Premier League,West Ham,RM,"CAM, LM, RW",82
242,Dejan Kulusevski,24,Sweden,"186cm / 6'1""",Premier League,Spurs,RM,"RW, CAM",82
243,Alexandre Lacazette,33,France,"175cm / 5'9""",Ligue 1 McDonald's,OL,ST,,82
244,Jeremías Conan Ledesma,31,Argentina,"186cm / 6'1""",Libertadores,River Plate,GK,,82
245,Bernd Leno,32,Germany,"189cm / 6'2""",Premier League,Fulham,GK,,82
246,Stanislav Lobotka,29,Slovakia,"170cm / 5'7""",Serie A Enilive,SSC Napoli,CM,CDM,82
247,Ademola Lookman,26,Nigeria,"174cm / 5'9""",Serie A Enilive,Bergamo Calcio,ST,,82
248,Romelu Lukaku,31,Belgium,"191cm / 6'3""",Serie A Enilive,SSC Napoli,ST,,82
249,Gianluca Mancini,28,Italy,"190cm / 6'3""",Serie A Enilive,AS Roma,CB,,82
250,John McGinn,29,Scotland,"178cm / 5'10""",Premier League,Aston Villa,CM,"CDM, RM",82
251,Aleksandar Mitrović,29,Serbia,"189cm / 6'2""",ROSHN Saudi League,Al Hilal,ST,,82
252,Nahuel Molina,26,Argentina,"175cm / 5'9""",LALIGA EA SPORTS,Atlético de Madrid,RB,,82
253,Savinho,20,Brazil,"176cm / 5'9""",Premier League,Manchester City,LW,LM,82
254,Thomas Müller,35,Germany,"185cm / 6'1""",Bundesliga,FC Bayern München,CAM,ST,82
255,Darwin Núñez,25,Uruguay,"187cm / 6'2""",Premier League,Liverpool,ST,,82
256,Michael Olise,22,France,"184cm / 6'0""",Bundesliga,FC Bayern München,RM,"RW, CAM",82
257,Oyarzabal,27,Spain,"181cm / 5'11""",LALIGA EA SPORTS,Real Sociedad,ST,"LW, LM",82
258,Thomas Partey,31,Ghana,"185cm / 6'1""",Premier League,Arsenal,CDM,CM,82
259,Tijjani Reijnders,26,Holland,"185cm / 6'1""",Serie A Enilive,Milano FC,CM,"CDM, CAM",82
260,Fabián Ruiz,28,Spain,"189cm / 6'2""",Ligue 1 McDonald's,Paris SG,CM,CDM,82
261,Brice Samba,30,France,"187cm / 6'2""",Ligue 1 McDonald's,RC Lens,GK,,82
262,Sancet,24,Spain,"188cm / 6'2""",LALIGA EA SPORTS,Athletic Club,CAM,"CM, ST",82
263,Jadon Sancho,24,England,"180cm / 5'11""",Premier League,Chelsea,LM,"RM, LW",82
264,Fabian Schär,32,Switzerland,"188cm / 6'2""",Premier League,Newcastle Utd,CB,,82
265,Patrik Schick,28,Czech Republic,"191cm / 6'3""",Bundesliga,Leverkusen,ST,,82
266,Luke Shaw,29,England,"181cm / 5'11""",Premier League,Man Utd,LB,CB,82
267,Malcom,27,Brazil,"172cm / 5'8""",ROSHN Saudi League,Al Hilal,CAM,RM,82
268,Chris Smalling,34,England,"194cm / 6'4""",ROSHN Saudi League,Al Fayha,CB,,82
269,Alexander Sørloth,28,Norway,"195cm / 6'5""",LALIGA EA SPORTS,Atlético de Madrid,ST,,82
270,Anderson Talisca,30,Brazil,"191cm / 6'3""",ROSHN Saudi League,Al Nassr,RM,"CAM, ST, RW",82
271,Luis Suárez,37,Uruguay,"182cm / 6'0""",MLS,Inter Miami CF,ST,,82
272,Niklas Süle,29,Germany,"195cm / 6'5""",Bundesliga,Borussia Dortmund,CB,RB,82
273,Kevin Trapp,34,Germany,"189cm / 6'2""",Bundesliga,Frankfurt,GK,,82
274,Destiny Udogie,21,Italy,"186cm / 6'1""",Premier League,Spurs,LB,,82
275,Dayot Upamecano,25,France,"186cm / 6'1""",Bundesliga,FC Bayern München,CB,,82
276,Micky van de Ven,23,Holland,"193cm / 6'4""",Premier League,Spurs,CB,,82
277,Raphaël Varane,31,France,"191cm / 6'3""",Serie A Enilive,Como,CB,,82
278,Iñaki Williams,30,Ghana,"186cm / 6'1""",LALIGA EA SPORTS,Athletic Club,RM,"ST, RW",82
279,Luciano Acosta,30,Argentina,"161cm / 5'3""",MLS,FC Cincinnati,CAM,LM,81
280,Edson Álvarez,26,Mexico,"187cm / 6'2""",Premier League,West Ham,CDM,CM,81
281,Yeray,29,Spain,"182cm / 6'0""",LALIGA EA SPORTS,Athletic Club,CB,,81
282,Waldemar Anton,28,Germany,"189cm / 6'2""",Bundesliga,Borussia Dortmund,CB,RB,81
283,Alphonse Areola,31,France,"195cm / 6'5""",Premier League,West Ham,GK,,81
284,Marco Asensio,28,Spain,"182cm / 6'0""",Ligue 1 McDonald's,Paris SG,RW,"CM, RM",81
285,Balde,20,Spain,"175cm / 5'9""",LALIGA EA SPORTS,FC Barcelona,LB,"RB, LM",81
286,Rodrigo Bentancur,27,Uruguay,"187cm / 6'2""",Premier League,Spurs,CM,CDM,81
287,Álex Berenguer,29,Spain,"175cm / 5'9""",LALIGA EA SPORTS,Athletic Club,LM,"RM, LW",81
288,Sergio Busquets,36,Spain,"189cm / 6'2""",MLS,Inter Miami CF,CDM,"CM, CB",81
289,Bryan Cristante,29,Italy,"186cm / 6'1""",Serie A Enilive,AS Roma,CM,"CDM, CB",81
290,Ricardo Horta,29,Portugal,"173cm / 5'8""",Liga Portugal,SC Braga,CAM,"LM, RM",81
291,Rui Silva,30,Portugal,"191cm / 6'3""",LALIGA EA SPORTS,Real Betis,GK,,81
292,Matteo Darmian,34,Italy,"183cm / 6'0""",Serie A Enilive,Lombardia FC,RB,"CB, RM",81
293,Jonathan David,24,Canada,"175cm / 5'9""",Ligue 1 McDonald's,LOSC Lille,ST,,81
294,Richarlison,27,Brazil,"184cm / 6'0""",Premier League,Spurs,ST,LM,81
295,Luuk de Jong,34,Holland,"189cm / 6'2""",Eredivisie,PSV,ST,,81
296,Fred,31,Brazil,"169cm / 5'7""",Trendyol Süper Lig,Fenerbahçe,CDM,CM,81
297,Eberechi Eze,26,England,"178cm / 5'10""",Premier League,Crystal Palace,CAM,"CM, LM",81
298,Youssouf Fofana,25,France,"185cm / 6'1""",Serie A Enilive,Milano FC,CDM,CM,81
299,Davide Frattesi,24,Italy,"178cm / 5'10""",Serie A Enilive,Lombardia FC,CM,CAM,81
300,Remo Freuler,32,Switzerland,"181cm / 5'11""",Serie A Enilive,Bologna,CDM,CM,81
301,Conor Gallagher,24,England,"182cm / 6'0""",LALIGA EA SPORTS,Atlético de Madrid,CM,"CAM, CDM",81
302,Alexandr Golovin,28,Russia,"178cm / 5'10""",Ligue 1 McDonald's,AS Monaco,LM,"CAM, LW",81
303,Pascal Groß,33,Germany,"181cm / 5'11""",Bundesliga,Borussia Dortmund,CDM,CM,81
304,Marc Guéhi,24,England,"182cm / 6'0""",Premier League,Crystal Palace,CB,,81
305,Dávid Hancko,26,Slovakia,"188cm / 6'2""",Eredivisie,Feyenoord,CB,LB,81
306,Benjamin Henrichs,27,Germany,"183cm / 6'0""",Bundesliga,RB Leipzig,RB,"RM, LB",81
307,Piero Hincapié,22,Ecuador,"184cm / 6'0""",Bundesliga,Leverkusen,CB,LB,81
308,Ferdi Kadıoğlu,24,Turkey,"174cm / 5'9""",Premier League,Brighton,LB,RB,81
309,Daichi Kamada,28,Japan,"184cm / 6'0""",Premier League,Crystal Palace,CAM,CM,81
310,Presnel Kimpembe,29,France,"189cm / 6'2""",Ligue 1 McDonald's,Paris SG,CB,,81
311,Orkun Kökçü,23,Turkey,"175cm / 5'9""",Liga Portugal,SL Benfica,CM,"CAM, CDM",81
312,Ezri Konsa,26,England,"183cm / 6'0""",Premier League,Aston Villa,CB,RB,81
313,Odilon Kossounou,23,Côte d'Ivoire,"191cm / 6'3""",Serie A Enilive,Bergamo Calcio,CB,RB,81
314,Andrej Kramarić,33,Croatia,"177cm / 5'10""",Bundesliga,TSG Hoffenheim,ST,"CAM, CM",81
315,Takefusa Kubo,23,Japan,"173cm / 5'8""",LALIGA EA SPORTS,Real Sociedad,RW,"ST, RM",81
316,Ruben Loftus-Cheek,28,England,"191cm / 6'3""",Serie A Enilive,Milano FC,CM,CAM,81
317,Andriy Lunin,25,Ukraine,"191cm / 6'3""",LALIGA EA SPORTS,Real Madrid,GK,,81
318,Iñigo Martínez,33,Spain,"182cm / 6'0""",LALIGA EA SPORTS,FC Barcelona,CB,,81
319,Noussair Mazraoui,26,Morocco,"183cm / 6'0""",Premier League,Man Utd,RB,LB,81
320,Brais Méndez,27,Spain,"187cm / 6'2""",LALIGA EA SPORTS,Real Sociedad,CM,"RM, CAM",81
321,Alex Meret,27,Italy,"192cm / 6'4""",Serie A Enilive,SSC Napoli,GK,,81
322,Arkadiusz Milik,30,Poland,"186cm / 6'1""",Serie A Enilive,Juventus,ST,,81
323,Kaoru Mitoma,27,Japan,"178cm / 5'10""",Premier League,Brighton,LM,LW,81
324,Fernando Muslera,38,Uruguay,"190cm / 6'3""",Trendyol Süper Lig,Galatasaray,GK,,81
325,Riccardo Orsolini,27,Italy,"183cm / 6'0""",Serie A Enilive,Bologna,RM,RW,81
326,Stefan Ortega,31,Germany,"185cm / 6'1""",Premier League,Manchester City,GK,,81
327,Nicolás Otamendi,36,Argentina,"183cm / 6'0""",Liga Portugal,SL Benfica,CB,,81
328,Isi Palazón,29,Spain,"169cm / 5'7""",LALIGA EA SPORTS,Rayo Vallecano,RM,"CAM, LM, RW",81
329,Aaron Ramsdale,26,England,"191cm / 6'3""",Premier League,Southampton,GK,,81
330,Marcus Rashford,26,England,"186cm / 6'1""",Premier League,Man Utd,LM,"ST, LW",81
331,David Raum,26,Germany,"180cm / 5'11""",Bundesliga,RB Leipzig,LB,LM,81
332,Stefan Savić,33,Montenegro,"187cm / 6'2""",Trendyol Süper Lig,Trabzonspor,CB,,81
333,Xaver Schlager,26,Austria,"174cm / 5'9""",Bundesliga,RB Leipzig,CDM,CM,81
334,Jerdy Schouten,27,Holland,"185cm / 6'1""",Eredivisie,PSV,CDM,"CB, CM",81
335,Ellyes Skhiri,29,Tunisia,"185cm / 6'1""",Bundesliga,Frankfurt,CDM,CM,81
336,Milan Škriniar,29,Slovakia,"188cm / 6'2""",Ligue 1 McDonald's,Paris SG,CB,,81
337,Dominic Solanke,27,England,"187cm / 6'2""",Premier League,Spurs,ST,,81
338,David Soria,31,Spain,"192cm / 6'4""",LALIGA EA SPORTS,Getafe CF,GK,,81
339,Raheem Sterling,29,England,"172cm / 5'8""",Premier League,Arsenal,LM,"RM, LW",81
340,Dominik Szoboszlai,23,Hungary,"186cm / 6'1""",Premier League,Liverpool,CAM,CM,81
341,Youri Tielemans,27,Belgium,"176cm / 5'9""",Premier League,Aston Villa,CM,"CDM, CAM",81
342,Manuel Ugarte,23,Uruguay,"182cm / 6'0""",Premier League,Man Utd,CDM,CM,81
343,Deniz Undav,28,Germany,"179cm / 5'10""",Bundesliga,VfB Stuttgart,ST,CAM,81
344,Álvaro Valles,27,Spain,"192cm / 6'4""",LALIGA EA SPORTS,UD Las Palmas,GK,,81
345,Lucas Vázquez,33,Spain,"173cm / 5'8""",LALIGA EA SPORTS,Real Madrid,RB,,81
346,Joey Veerman,25,Holland,"185cm / 6'1""",Eredivisie,PSV,CM,"CDM, CAM",81
347,Vivian,25,Spain,"183cm / 6'0""",LALIGA EA SPORTS,Athletic Club,CB,,81
348,Callum Wilson,32,England,"180cm / 5'11""",Premier League,Newcastle Utd,ST,,81
349,Lamine Yamal,17,Spain,"180cm / 5'11""",LALIGA EA SPORTS,FC Barcelona,RW,"LW, RM",81
350,Wilfried Zaha,31,Côte d'Ivoire,"180cm / 5'11""",Ligue 1 McDonald's,OL,LM,LW,81
351,Piotr Zieliński,30,Poland,"180cm / 5'11""",Serie A Enilive,Lombardia FC,CM,CDM,81
352,Zubimendi,25,Spain,"181cm / 5'11""",LALIGA EA SPORTS,Real Sociedad,CDM,CM,81
